stem	class	module	level
iamax	complex	la_blas_aux	0
lsame	kindfree	la_blas_aux	0
xerbla	kindfree	la_blas_aux	0
xerbla_array	kindfree	la_blas_aux	0
cabs1	real	la_blas_aux	0
iamax	real	la_blas_aux	0
axpy	complex	la_blas_level1	1
copy	complex	la_blas_level1	1
dotc	complex	la_blas_level1	1
dotu	complex	la_blas_level1	1
drot	complex	la_blas_level1	1
dscal	complex	la_blas_level1	1
rotg	complex	la_blas_level1	1
scal	complex	la_blas_level1	1
swap	complex	la_blas_level1	1
sdsdot	kindfree	la_blas_level1	1
asum	real	la_blas_level1	1
axpy	real	la_blas_level1	1
copy	real	la_blas_level1	1
dot	real	la_blas_level1	1
nrm2	real	la_blas_level1	1
rot	real	la_blas_level1	1
rotg	real	la_blas_level1	1
rotm	real	la_blas_level1	1
rotmg	real	la_blas_level1	1
scal	real	la_blas_level1	1
sdot	real	la_blas_level1	1
swap	real	la_blas_level1	1
zasum	real	la_blas_level1	1
znrm2	real	la_blas_level1	1
gbmv	complex	la_blas_level2_ban	1
hbmv	complex	la_blas_level2_ban	1
gbmv	real	la_blas_level2_ban	1
gemv	complex	la_blas_level2_gen	1
gerc	complex	la_blas_level2_gen	1
geru	complex	la_blas_level2_gen	1
hemv	complex	la_blas_level2_gen	1
her	complex	la_blas_level2_gen	1
her2	complex	la_blas_level2_gen	1
gemv	real	la_blas_level2_gen	1
ger	real	la_blas_level2_gen	1
hpmv	complex	la_blas_level2_pac	1
hpr	complex	la_blas_level2_pac	1
hpr2	complex	la_blas_level2_pac	1
sbmv	real	la_blas_level2_pac	1
spmv	real	la_blas_level2_pac	1
spr	real	la_blas_level2_pac	1
spr2	real	la_blas_level2_pac	1
symv	real	la_blas_level2_sym	1
syr	real	la_blas_level2_sym	1
syr2	real	la_blas_level2_sym	1
tbmv	complex	la_blas_level2_tri	1
tbsv	complex	la_blas_level2_tri	1
tpmv	complex	la_blas_level2_tri	1
tpsv	complex	la_blas_level2_tri	1
trmv	complex	la_blas_level2_tri	1
trsv	complex	la_blas_level2_tri	1
tbmv	real	la_blas_level2_tri	1
tbsv	real	la_blas_level2_tri	1
tpmv	real	la_blas_level2_tri	1
tpsv	real	la_blas_level2_tri	1
trmv	real	la_blas_level2_tri	1
trsv	real	la_blas_level2_tri	1
gemm	complex	la_blas_level3_gen	1
hemm	complex	la_blas_level3_gen	1
her2k	complex	la_blas_level3_gen	1
herk	complex	la_blas_level3_gen	1
gemm	real	la_blas_level3_gen	1
symm	complex	la_blas_level3_sym	1
syr2k	complex	la_blas_level3_sym	1
syrk	complex	la_blas_level3_sym	1
symm	real	la_blas_level3_sym	1
syr2k	real	la_blas_level3_sym	1
syrk	real	la_blas_level3_sym	1
trmm	complex	la_blas_level3_tri	1
trsm	complex	la_blas_level3_tri	1
trmm	real	la_blas_level3_tri	1
trsm	real	la_blas_level3_tri	1
chla_transtype	kindfree	la_lapack_aux	1
ieeeck	kindfree	la_lapack_aux	1
iladiag	kindfree	la_lapack_aux	1
ilaenv	kindfree	la_lapack_aux	1
ilaenv2stage	kindfree	la_lapack_aux	1
ilalc	complex	la_lapack_aux	1
ilalc	real	la_lapack_aux	1
ilalr	complex	la_lapack_aux	1
ilalr	real	la_lapack_aux	1
ilaprec	kindfree	la_lapack_aux	1
ilatrans	kindfree	la_lapack_aux	1
ilauplo	kindfree	la_lapack_aux	1
imax1	complex	la_lapack_aux	1
iparam2stage	kindfree	la_lapack_aux	1
iparmq	kindfree	la_lapack_aux	1
lsamen	kindfree	la_lapack_aux	1
roundup_lwork	real	la_lapack_aux	1
selctg	complex	la_lapack_aux	1
selctg	real	la_lapack_aux	1
select	complex	la_lapack_aux	1
select	real	la_lapack_aux	1
laqsb	complex	la_lapack_auxiliary	1
rot	complex	la_lapack_auxiliary	1
labad	real	la_lapack_auxiliary	1
ladiv1	real	la_lapack_auxiliary	1
ladiv2	real	la_lapack_auxiliary	1
lamc3	real	la_lapack_auxiliary	1
lamch	real	la_lapack_auxiliary	1
laqsb	real	la_lapack_auxiliary	1
zsum1	real	la_lapack_auxiliary	1
lacp2	complex	la_lapack_blas_like_base	2
lacpy	complex	la_lapack_blas_like_base	2
lag2c	complex	la_lapack_blas_like_base	2
lag2w	complex	la_lapack_blas_like_base	2
larnv	complex	la_lapack_blas_like_base	2
laset	complex	la_lapack_blas_like_base	2
lat2c	complex	la_lapack_blas_like_base	2
tfttp	complex	la_lapack_blas_like_base	2
tfttr	complex	la_lapack_blas_like_base	2
tpttf	complex	la_lapack_blas_like_base	2
tpttr	complex	la_lapack_blas_like_base	2
trttf	complex	la_lapack_blas_like_base	2
trttp	complex	la_lapack_blas_like_base	2
lacpy	real	la_lapack_blas_like_base	2
lag2q	real	la_lapack_blas_like_base	2
lag2s	real	la_lapack_blas_like_base	2
larnv	real	la_lapack_blas_like_base	2
laruv	real	la_lapack_blas_like_base	2
laset	real	la_lapack_blas_like_base	2
lat2s	real	la_lapack_blas_like_base	2
tfttp	real	la_lapack_blas_like_base	2
tfttr	real	la_lapack_blas_like_base	2
tpttf	real	la_lapack_blas_like_base	2
tpttr	real	la_lapack_blas_like_base	2
trttf	real	la_lapack_blas_like_base	2
trttp	real	la_lapack_blas_like_base	2
drscl	complex	la_lapack_blas_like_l1	2
lacgv	complex	la_lapack_blas_like_l1	2
lassq	complex	la_lapack_blas_like_l1	2
lasrt	real	la_lapack_blas_like_l1	2
lassq	real	la_lapack_blas_like_l1	2
rscl	real	la_lapack_blas_like_l1	2
hfrk	complex	la_lapack_blas_like_l3	2
lacrm	complex	la_lapack_blas_like_l3	2
lagtm	complex	la_lapack_blas_like_l3	2
larcm	complex	la_lapack_blas_like_l3	2
tfsm	complex	la_lapack_blas_like_l3	2
lagtm	real	la_lapack_blas_like_l3	2
sfrk	real	la_lapack_blas_like_l3	2
tfsm	real	la_lapack_blas_like_l3	2
ladiv	complex	la_lapack_blas_like_scalar	2
isnan	real	la_lapack_blas_like_scalar	2
ladiv	real	la_lapack_blas_like_scalar	2
laisnan	real	la_lapack_blas_like_scalar	2
lapy2	real	la_lapack_blas_like_scalar	2
lapy3	real	la_lapack_blas_like_scalar	2
la_lin_berr	complex	la_lapack_solve_aux	2
lacn2	complex	la_lapack_solve_aux	2
lacon	complex	la_lapack_solve_aux	2
la_lin_berr	real	la_lapack_solve_aux	2
lacn2	real	la_lapack_solve_aux	2
lacon	real	la_lapack_solve_aux	2
la_gbamv	complex	la_lapack_blas_like_l2	3
la_geamv	complex	la_lapack_blas_like_l2	3
la_heamv	complex	la_lapack_blas_like_l2	3
la_wwaddw	complex	la_lapack_blas_like_l2	3
lascl	complex	la_lapack_blas_like_l2	3
spmv	complex	la_lapack_blas_like_l2	3
spr	complex	la_lapack_blas_like_l2	3
symv	complex	la_lapack_blas_like_l2	3
syr	complex	la_lapack_blas_like_l2	3
la_gbamv	real	la_lapack_blas_like_l2	3
la_geamv	real	la_lapack_blas_like_l2	3
la_wwaddw	real	la_lapack_blas_like_l2	3
lascl	real	la_lapack_blas_like_l2	3
langb	complex	la_lapack_blas_like_mnorm	3
lange	complex	la_lapack_blas_like_mnorm	3
langt	complex	la_lapack_blas_like_mnorm	3
lanhb	complex	la_lapack_blas_like_mnorm	3
lanhe	complex	la_lapack_blas_like_mnorm	3
lanhf	complex	la_lapack_blas_like_mnorm	3
lanhp	complex	la_lapack_blas_like_mnorm	3
lanhs	complex	la_lapack_blas_like_mnorm	3
lanht	complex	la_lapack_blas_like_mnorm	3
lansb	complex	la_lapack_blas_like_mnorm	3
lansp	complex	la_lapack_blas_like_mnorm	3
lansy	complex	la_lapack_blas_like_mnorm	3
lantb	complex	la_lapack_blas_like_mnorm	3
lantp	complex	la_lapack_blas_like_mnorm	3
lantr	complex	la_lapack_blas_like_mnorm	3
langb	real	la_lapack_blas_like_mnorm	3
lange	real	la_lapack_blas_like_mnorm	3
langt	real	la_lapack_blas_like_mnorm	3
lanhs	real	la_lapack_blas_like_mnorm	3
lansb	real	la_lapack_blas_like_mnorm	3
lansf	real	la_lapack_blas_like_mnorm	3
lansp	real	la_lapack_blas_like_mnorm	3
lanst	real	la_lapack_blas_like_mnorm	3
lansy	real	la_lapack_blas_like_mnorm	3
lantb	real	la_lapack_blas_like_mnorm	3
lantp	real	la_lapack_blas_like_mnorm	3
lantr	real	la_lapack_blas_like_mnorm	3
lacrt	complex	la_lapack_givens_jacobi_rot	3
lar2v	complex	la_lapack_givens_jacobi_rot	3
largv	complex	la_lapack_givens_jacobi_rot	3
lartg	complex	la_lapack_givens_jacobi_rot	3
lartv	complex	la_lapack_givens_jacobi_rot	3
lasr	complex	la_lapack_givens_jacobi_rot	3
lar2v	real	la_lapack_givens_jacobi_rot	3
largv	real	la_lapack_givens_jacobi_rot	3
lartg	real	la_lapack_givens_jacobi_rot	3
lartgp	real	la_lapack_givens_jacobi_rot	3
lartv	real	la_lapack_givens_jacobi_rot	3
lasr	real	la_lapack_givens_jacobi_rot	3
larf	complex	la_lapack_householder_reflectors	3
larfb	complex	la_lapack_householder_reflectors	3
larfg	complex	la_lapack_householder_reflectors	3
larfgp	complex	la_lapack_householder_reflectors	3
larft	complex	la_lapack_householder_reflectors	3
larfx	complex	la_lapack_householder_reflectors	3
larfy	complex	la_lapack_householder_reflectors	3
larf	real	la_lapack_householder_reflectors	3
larfb	real	la_lapack_householder_reflectors	3
larfg	real	la_lapack_householder_reflectors	3
larfgp	real	la_lapack_householder_reflectors	3
larft	real	la_lapack_householder_reflectors	3
larfx	real	la_lapack_householder_reflectors	3
larfy	real	la_lapack_householder_reflectors	3
trexc	complex	la_lapack_eigv_gen_aux	4
laexc	real	la_lapack_eigv_gen_aux	4
laln2	real	la_lapack_eigv_gen_aux	4
lanv2	real	la_lapack_eigv_gen_aux	4
lasy2	real	la_lapack_eigv_gen_aux	4
trexc	real	la_lapack_eigv_gen_aux	4
gemqr	complex	la_lapack_orthogonal_factors_qr	4
gemqrt	complex	la_lapack_orthogonal_factors_qr	4
geqp3	complex	la_lapack_orthogonal_factors_qr	4
geqr	complex	la_lapack_orthogonal_factors_qr	4
geqr2	complex	la_lapack_orthogonal_factors_qr	4
geqr2p	complex	la_lapack_orthogonal_factors_qr	4
geqrf	complex	la_lapack_orthogonal_factors_qr	4
geqrfp	complex	la_lapack_orthogonal_factors_qr	4
geqrt	complex	la_lapack_orthogonal_factors_qr	4
geqrt2	complex	la_lapack_orthogonal_factors_qr	4
geqrt3	complex	la_lapack_orthogonal_factors_qr	4
gerq2	complex	la_lapack_orthogonal_factors_qr	4
gerqf	complex	la_lapack_orthogonal_factors_qr	4
getsqrhrt	complex	la_lapack_orthogonal_factors_qr	4
ggqrf	complex	la_lapack_orthogonal_factors_qr	4
ggrqf	complex	la_lapack_orthogonal_factors_qr	4
lamtsqr	complex	la_lapack_orthogonal_factors_qr	4
laqp2	complex	la_lapack_orthogonal_factors_qr	4
laqps	complex	la_lapack_orthogonal_factors_qr	4
larfb_gett	complex	la_lapack_orthogonal_factors_qr	4
latsqr	complex	la_lapack_orthogonal_factors_qr	4
launhr_col_getrfnp	complex	la_lapack_orthogonal_factors_qr	4
launhr_col_getrfnp2	complex	la_lapack_orthogonal_factors_qr	4
tpmqrt	complex	la_lapack_orthogonal_factors_qr	4
tpqrt	complex	la_lapack_orthogonal_factors_qr	4
tpqrt2	complex	la_lapack_orthogonal_factors_qr	4
tprfb	complex	la_lapack_orthogonal_factors_qr	4
ung2r	complex	la_lapack_orthogonal_factors_qr	4
ungqr	complex	la_lapack_orthogonal_factors_qr	4
ungr2	complex	la_lapack_orthogonal_factors_qr	4
ungrq	complex	la_lapack_orthogonal_factors_qr	4
ungtsqr	complex	la_lapack_orthogonal_factors_qr	4
ungtsqr_row	complex	la_lapack_orthogonal_factors_qr	4
unhr_col	complex	la_lapack_orthogonal_factors_qr	4
unm2r	complex	la_lapack_orthogonal_factors_qr	4
unmqr	complex	la_lapack_orthogonal_factors_qr	4
unmr2	complex	la_lapack_orthogonal_factors_qr	4
unmrq	complex	la_lapack_orthogonal_factors_qr	4
gemqr	real	la_lapack_orthogonal_factors_qr	4
gemqrt	real	la_lapack_orthogonal_factors_qr	4
geqp3	real	la_lapack_orthogonal_factors_qr	4
geqr	real	la_lapack_orthogonal_factors_qr	4
geqr2	real	la_lapack_orthogonal_factors_qr	4
geqr2p	real	la_lapack_orthogonal_factors_qr	4
geqrf	real	la_lapack_orthogonal_factors_qr	4
geqrfp	real	la_lapack_orthogonal_factors_qr	4
geqrt	real	la_lapack_orthogonal_factors_qr	4
geqrt2	real	la_lapack_orthogonal_factors_qr	4
geqrt3	real	la_lapack_orthogonal_factors_qr	4
gerq2	real	la_lapack_orthogonal_factors_qr	4
gerqf	real	la_lapack_orthogonal_factors_qr	4
getsqrhrt	real	la_lapack_orthogonal_factors_qr	4
ggqrf	real	la_lapack_orthogonal_factors_qr	4
ggrqf	real	la_lapack_orthogonal_factors_qr	4
lamtsqr	real	la_lapack_orthogonal_factors_qr	4
laorhr_col_getrfnp	real	la_lapack_orthogonal_factors_qr	4
laorhr_col_getrfnp2	real	la_lapack_orthogonal_factors_qr	4
laqp2	real	la_lapack_orthogonal_factors_qr	4
laqps	real	la_lapack_orthogonal_factors_qr	4
larfb_gett	real	la_lapack_orthogonal_factors_qr	4
latsqr	real	la_lapack_orthogonal_factors_qr	4
org2r	real	la_lapack_orthogonal_factors_qr	4
orgqr	real	la_lapack_orthogonal_factors_qr	4
orgr2	real	la_lapack_orthogonal_factors_qr	4
orgrq	real	la_lapack_orthogonal_factors_qr	4
orgtsqr	real	la_lapack_orthogonal_factors_qr	4
orgtsqr_row	real	la_lapack_orthogonal_factors_qr	4
orhr_col	real	la_lapack_orthogonal_factors_qr	4
orm2r	real	la_lapack_orthogonal_factors_qr	4
ormqr	real	la_lapack_orthogonal_factors_qr	4
ormr2	real	la_lapack_orthogonal_factors_qr	4
ormrq	real	la_lapack_orthogonal_factors_qr	4
tpmqrt	real	la_lapack_orthogonal_factors_qr	4
tpqrt	real	la_lapack_orthogonal_factors_qr	4
tpqrt2	real	la_lapack_orthogonal_factors_qr	4
tprfb	real	la_lapack_orthogonal_factors_qr	4
larz	complex	la_lapack_orthogonal_factors_rz	4
larzb	complex	la_lapack_orthogonal_factors_rz	4
larzt	complex	la_lapack_orthogonal_factors_rz	4
latrz	complex	la_lapack_orthogonal_factors_rz	4
tzrzf	complex	la_lapack_orthogonal_factors_rz	4
unmr3	complex	la_lapack_orthogonal_factors_rz	4
unmrz	complex	la_lapack_orthogonal_factors_rz	4
larz	real	la_lapack_orthogonal_factors_rz	4
larzb	real	la_lapack_orthogonal_factors_rz	4
larzt	real	la_lapack_orthogonal_factors_rz	4
latrz	real	la_lapack_orthogonal_factors_rz	4
ormr3	real	la_lapack_orthogonal_factors_rz	4
ormrz	real	la_lapack_orthogonal_factors_rz	4
tzrzf	real	la_lapack_orthogonal_factors_rz	4
latbs	complex	la_lapack_solve_tri_comp	4
latps	complex	la_lapack_solve_tri_comp	4
latrs	complex	la_lapack_solve_tri_comp	4
lauu2	complex	la_lapack_solve_tri_comp	4
lauum	complex	la_lapack_solve_tri_comp	4
tbcon	complex	la_lapack_solve_tri_comp	4
tbrfs	complex	la_lapack_solve_tri_comp	4
tbtrs	complex	la_lapack_solve_tri_comp	4
tftri	complex	la_lapack_solve_tri_comp	4
tpcon	complex	la_lapack_solve_tri_comp	4
tprfs	complex	la_lapack_solve_tri_comp	4
tptri	complex	la_lapack_solve_tri_comp	4
tptrs	complex	la_lapack_solve_tri_comp	4
trcon	complex	la_lapack_solve_tri_comp	4
trrfs	complex	la_lapack_solve_tri_comp	4
trti2	complex	la_lapack_solve_tri_comp	4
trtri	complex	la_lapack_solve_tri_comp	4
trtrs	complex	la_lapack_solve_tri_comp	4
latbs	real	la_lapack_solve_tri_comp	4
latps	real	la_lapack_solve_tri_comp	4
latrs	real	la_lapack_solve_tri_comp	4
lauu2	real	la_lapack_solve_tri_comp	4
lauum	real	la_lapack_solve_tri_comp	4
tbcon	real	la_lapack_solve_tri_comp	4
tbrfs	real	la_lapack_solve_tri_comp	4
tbtrs	real	la_lapack_solve_tri_comp	4
tftri	real	la_lapack_solve_tri_comp	4
tpcon	real	la_lapack_solve_tri_comp	4
tprfs	real	la_lapack_solve_tri_comp	4
tptri	real	la_lapack_solve_tri_comp	4
tptrs	real	la_lapack_solve_tri_comp	4
trcon	real	la_lapack_solve_tri_comp	4
trrfs	real	la_lapack_solve_tri_comp	4
trti2	real	la_lapack_solve_tri_comp	4
trtri	real	la_lapack_solve_tri_comp	4
trtrs	real	la_lapack_solve_tri_comp	4
labrd	complex	la_lapack_svd_comp2	4
lags2	complex	la_lapack_svd_comp2	4
lapll	complex	la_lapack_svd_comp2	4
labrd	real	la_lapack_svd_comp2	4
lags2	real	la_lapack_svd_comp2	4
lapll	real	la_lapack_svd_comp2	4
lartgs	real	la_lapack_svd_comp2	4
las2	real	la_lapack_svd_comp2	4
lasv2	real	la_lapack_svd_comp2	4
gebak	complex	la_lapack_eigv_gen_hess	5
gebal	complex	la_lapack_eigv_gen_hess	5
gehd2	complex	la_lapack_eigv_gen_hess	5
gehrd	complex	la_lapack_eigv_gen_hess	5
lahr2	complex	la_lapack_eigv_gen_hess	5
unghr	complex	la_lapack_eigv_gen_hess	5
unmhr	complex	la_lapack_eigv_gen_hess	5
gebak	real	la_lapack_eigv_gen_hess	5
gebal	real	la_lapack_eigv_gen_hess	5
gehd2	real	la_lapack_eigv_gen_hess	5
gehrd	real	la_lapack_eigv_gen_hess	5
lahr2	real	la_lapack_eigv_gen_hess	5
orghr	real	la_lapack_eigv_gen_hess	5
ormhr	real	la_lapack_eigv_gen_hess	5
ggglm	complex	la_lapack_lsq_constrained	5
gglse	complex	la_lapack_lsq_constrained	5
ggglm	real	la_lapack_lsq_constrained	5
gglse	real	la_lapack_lsq_constrained	5
gelq	complex	la_lapack_orthogonal_factors_ql	5
gelq2	complex	la_lapack_orthogonal_factors_ql	5
gelqf	complex	la_lapack_orthogonal_factors_ql	5
gelqt	complex	la_lapack_orthogonal_factors_ql	5
gelqt3	complex	la_lapack_orthogonal_factors_ql	5
gemlq	complex	la_lapack_orthogonal_factors_ql	5
gemlqt	complex	la_lapack_orthogonal_factors_ql	5
geql2	complex	la_lapack_orthogonal_factors_ql	5
geqlf	complex	la_lapack_orthogonal_factors_ql	5
lamswlq	complex	la_lapack_orthogonal_factors_ql	5
laswlq	complex	la_lapack_orthogonal_factors_ql	5
tplqt	complex	la_lapack_orthogonal_factors_ql	5
tplqt2	complex	la_lapack_orthogonal_factors_ql	5
tpmlqt	complex	la_lapack_orthogonal_factors_ql	5
ung2l	complex	la_lapack_orthogonal_factors_ql	5
ungl2	complex	la_lapack_orthogonal_factors_ql	5
unglq	complex	la_lapack_orthogonal_factors_ql	5
ungql	complex	la_lapack_orthogonal_factors_ql	5
unm22	complex	la_lapack_orthogonal_factors_ql	5
unm2l	complex	la_lapack_orthogonal_factors_ql	5
unml2	complex	la_lapack_orthogonal_factors_ql	5
unmlq	complex	la_lapack_orthogonal_factors_ql	5
unmql	complex	la_lapack_orthogonal_factors_ql	5
gelq	real	la_lapack_orthogonal_factors_ql	5
gelq2	real	la_lapack_orthogonal_factors_ql	5
gelqf	real	la_lapack_orthogonal_factors_ql	5
gelqt	real	la_lapack_orthogonal_factors_ql	5
gelqt3	real	la_lapack_orthogonal_factors_ql	5
gemlq	real	la_lapack_orthogonal_factors_ql	5
gemlqt	real	la_lapack_orthogonal_factors_ql	5
geql2	real	la_lapack_orthogonal_factors_ql	5
geqlf	real	la_lapack_orthogonal_factors_ql	5
lamswlq	real	la_lapack_orthogonal_factors_ql	5
laswlq	real	la_lapack_orthogonal_factors_ql	5
org2l	real	la_lapack_orthogonal_factors_ql	5
orgl2	real	la_lapack_orthogonal_factors_ql	5
orglq	real	la_lapack_orthogonal_factors_ql	5
orgql	real	la_lapack_orthogonal_factors_ql	5
orm2l	real	la_lapack_orthogonal_factors_ql	5
orml2	real	la_lapack_orthogonal_factors_ql	5
ormlq	real	la_lapack_orthogonal_factors_ql	5
ormql	real	la_lapack_orthogonal_factors_ql	5
tplqt	real	la_lapack_orthogonal_factors_ql	5
tplqt2	real	la_lapack_orthogonal_factors_ql	5
tpmlqt	real	la_lapack_orthogonal_factors_ql	5
la_porpvgrw	complex	la_lapack_solve_chol_comp	5
laqhb	complex	la_lapack_solve_chol_comp	5
laqhe	complex	la_lapack_solve_chol_comp	5
laqhp	complex	la_lapack_solve_chol_comp	5
laqsp	complex	la_lapack_solve_chol_comp	5
pbcon	complex	la_lapack_solve_chol_comp	5
pbequ	complex	la_lapack_solve_chol_comp	5
pbrfs	complex	la_lapack_solve_chol_comp	5
pbtf2	complex	la_lapack_solve_chol_comp	5
pbtrf	complex	la_lapack_solve_chol_comp	5
pbtrs	complex	la_lapack_solve_chol_comp	5
pftrf	complex	la_lapack_solve_chol_comp	5
pftri	complex	la_lapack_solve_chol_comp	5
pftrs	complex	la_lapack_solve_chol_comp	5
pocon	complex	la_lapack_solve_chol_comp	5
poequ	complex	la_lapack_solve_chol_comp	5
poequb	complex	la_lapack_solve_chol_comp	5
porfs	complex	la_lapack_solve_chol_comp	5
potf2	complex	la_lapack_solve_chol_comp	5
potrf	complex	la_lapack_solve_chol_comp	5
potrf2	complex	la_lapack_solve_chol_comp	5
potri	complex	la_lapack_solve_chol_comp	5
potrs	complex	la_lapack_solve_chol_comp	5
ppcon	complex	la_lapack_solve_chol_comp	5
ppequ	complex	la_lapack_solve_chol_comp	5
pprfs	complex	la_lapack_solve_chol_comp	5
pptrf	complex	la_lapack_solve_chol_comp	5
pptri	complex	la_lapack_solve_chol_comp	5
pptrs	complex	la_lapack_solve_chol_comp	5
pstf2	complex	la_lapack_solve_chol_comp	5
pstrf	complex	la_lapack_solve_chol_comp	5
ptcon	complex	la_lapack_solve_chol_comp	5
ptrfs	complex	la_lapack_solve_chol_comp	5
pttrf	complex	la_lapack_solve_chol_comp	5
pttrs	complex	la_lapack_solve_chol_comp	5
ptts2	complex	la_lapack_solve_chol_comp	5
la_porcond	real	la_lapack_solve_chol_comp	5
la_porpvgrw	real	la_lapack_solve_chol_comp	5
laqsp	real	la_lapack_solve_chol_comp	5
pbcon	real	la_lapack_solve_chol_comp	5
pbequ	real	la_lapack_solve_chol_comp	5
pbrfs	real	la_lapack_solve_chol_comp	5
pbtf2	real	la_lapack_solve_chol_comp	5
pbtrf	real	la_lapack_solve_chol_comp	5
pbtrs	real	la_lapack_solve_chol_comp	5
pftrf	real	la_lapack_solve_chol_comp	5
pftri	real	la_lapack_solve_chol_comp	5
pftrs	real	la_lapack_solve_chol_comp	5
pocon	real	la_lapack_solve_chol_comp	5
poequ	real	la_lapack_solve_chol_comp	5
poequb	real	la_lapack_solve_chol_comp	5
porfs	real	la_lapack_solve_chol_comp	5
potf2	real	la_lapack_solve_chol_comp	5
potrf	real	la_lapack_solve_chol_comp	5
potrf2	real	la_lapack_solve_chol_comp	5
potri	real	la_lapack_solve_chol_comp	5
potrs	real	la_lapack_solve_chol_comp	5
ppcon	real	la_lapack_solve_chol_comp	5
ppequ	real	la_lapack_solve_chol_comp	5
pprfs	real	la_lapack_solve_chol_comp	5
pptrf	real	la_lapack_solve_chol_comp	5
pptri	real	la_lapack_solve_chol_comp	5
pptrs	real	la_lapack_solve_chol_comp	5
pstf2	real	la_lapack_solve_chol_comp	5
pstrf	real	la_lapack_solve_chol_comp	5
ptcon	real	la_lapack_solve_chol_comp	5
ptrfs	real	la_lapack_solve_chol_comp	5
pttrf	real	la_lapack_solve_chol_comp	5
pttrs	real	la_lapack_solve_chol_comp	5
ptts2	real	la_lapack_solve_chol_comp	5
gbcon	complex	la_lapack_solve_lu_comp	5
gbequ	complex	la_lapack_solve_lu_comp	5
gbequb	complex	la_lapack_solve_lu_comp	5
gbrfs	complex	la_lapack_solve_lu_comp	5
gbtf2	complex	la_lapack_solve_lu_comp	5
gbtrf	complex	la_lapack_solve_lu_comp	5
gbtrs	complex	la_lapack_solve_lu_comp	5
gecon	complex	la_lapack_solve_lu_comp	5
geequ	complex	la_lapack_solve_lu_comp	5
geequb	complex	la_lapack_solve_lu_comp	5
gerfs	complex	la_lapack_solve_lu_comp	5
gesc2	complex	la_lapack_solve_lu_comp	5
getc2	complex	la_lapack_solve_lu_comp	5
getf2	complex	la_lapack_solve_lu_comp	5
getrf	complex	la_lapack_solve_lu_comp	5
getrf2	complex	la_lapack_solve_lu_comp	5
getri	complex	la_lapack_solve_lu_comp	5
getrs	complex	la_lapack_solve_lu_comp	5
gtcon	complex	la_lapack_solve_lu_comp	5
gtrfs	complex	la_lapack_solve_lu_comp	5
gttrf	complex	la_lapack_solve_lu_comp	5
gttrs	complex	la_lapack_solve_lu_comp	5
gtts2	complex	la_lapack_solve_lu_comp	5
la_gbrpvgrw	complex	la_lapack_solve_lu_comp	5
laqgb	complex	la_lapack_solve_lu_comp	5
laqge	complex	la_lapack_solve_lu_comp	5
laswp	complex	la_lapack_solve_lu_comp	5
latdf	complex	la_lapack_solve_lu_comp	5
gbcon	real	la_lapack_solve_lu_comp	5
gbequ	real	la_lapack_solve_lu_comp	5
gbequb	real	la_lapack_solve_lu_comp	5
gbrfs	real	la_lapack_solve_lu_comp	5
gbtf2	real	la_lapack_solve_lu_comp	5
gbtrf	real	la_lapack_solve_lu_comp	5
gbtrs	real	la_lapack_solve_lu_comp	5
gecon	real	la_lapack_solve_lu_comp	5
geequ	real	la_lapack_solve_lu_comp	5
geequb	real	la_lapack_solve_lu_comp	5
gerfs	real	la_lapack_solve_lu_comp	5
gesc2	real	la_lapack_solve_lu_comp	5
getc2	real	la_lapack_solve_lu_comp	5
getf2	real	la_lapack_solve_lu_comp	5
getrf	real	la_lapack_solve_lu_comp	5
getrf2	real	la_lapack_solve_lu_comp	5
getri	real	la_lapack_solve_lu_comp	5
getrs	real	la_lapack_solve_lu_comp	5
gtcon	real	la_lapack_solve_lu_comp	5
gtrfs	real	la_lapack_solve_lu_comp	5
gttrf	real	la_lapack_solve_lu_comp	5
gttrs	real	la_lapack_solve_lu_comp	5
gtts2	real	la_lapack_solve_lu_comp	5
la_gbrcond	real	la_lapack_solve_lu_comp	5
la_gbrpvgrw	real	la_lapack_solve_lu_comp	5
la_gercond	real	la_lapack_solve_lu_comp	5
laqgb	real	la_lapack_solve_lu_comp	5
laqge	real	la_lapack_solve_lu_comp	5
laswp	real	la_lapack_solve_lu_comp	5
latdf	real	la_lapack_solve_lu_comp	5
bdsqr	complex	la_lapack_svd_bidiag_qr	5
bdsqr	real	la_lapack_svd_bidiag_qr	5
lasq1	real	la_lapack_svd_bidiag_qr	5
lasq2	real	la_lapack_svd_bidiag_qr	5
lasq3	real	la_lapack_svd_bidiag_qr	5
lasq4	real	la_lapack_svd_bidiag_qr	5
lasq5	real	la_lapack_svd_bidiag_qr	5
lasq6	real	la_lapack_svd_bidiag_qr	5
bbcsd	complex	la_lapack_cosine_sine	6
lapmr	complex	la_lapack_cosine_sine	6
lapmt	complex	la_lapack_cosine_sine	6
unbdb	complex	la_lapack_cosine_sine	6
unbdb1	complex	la_lapack_cosine_sine	6
unbdb2	complex	la_lapack_cosine_sine	6
unbdb3	complex	la_lapack_cosine_sine	6
unbdb4	complex	la_lapack_cosine_sine	6
unbdb5	complex	la_lapack_cosine_sine	6
unbdb6	complex	la_lapack_cosine_sine	6
uncsd	complex	la_lapack_cosine_sine	6
uncsd2by1	complex	la_lapack_cosine_sine	6
bbcsd	real	la_lapack_cosine_sine	6
lapmr	real	la_lapack_cosine_sine	6
lapmt	real	la_lapack_cosine_sine	6
orbdb	real	la_lapack_cosine_sine	6
orbdb1	real	la_lapack_cosine_sine	6
orbdb2	real	la_lapack_cosine_sine	6
orbdb3	real	la_lapack_cosine_sine	6
orbdb4	real	la_lapack_cosine_sine	6
orbdb5	real	la_lapack_cosine_sine	6
orbdb6	real	la_lapack_cosine_sine	6
orcsd	real	la_lapack_cosine_sine	6
orcsd2by1	real	la_lapack_cosine_sine	6
hbgst	complex	la_lapack_eigv_sym_comp	6
hbtrd	complex	la_lapack_eigv_sym_comp	6
hegs2	complex	la_lapack_eigv_sym_comp	6
hegst	complex	la_lapack_eigv_sym_comp	6
hpgst	complex	la_lapack_eigv_sym_comp	6
hptrd	complex	la_lapack_eigv_sym_comp	6
laesy	complex	la_lapack_eigv_sym_comp	6
laev2	complex	la_lapack_eigv_sym_comp	6
latrd	complex	la_lapack_eigv_sym_comp	6
pbstf	complex	la_lapack_eigv_sym_comp	6
upgtr	complex	la_lapack_eigv_sym_comp	6
upmtr	complex	la_lapack_eigv_sym_comp	6
disna	real	la_lapack_eigv_sym_comp	6
lae2	real	la_lapack_eigv_sym_comp	6
laev2	real	la_lapack_eigv_sym_comp	6
lag2	real	la_lapack_eigv_sym_comp	6
lagtf	real	la_lapack_eigv_sym_comp	6
lagts	real	la_lapack_eigv_sym_comp	6
latrd	real	la_lapack_eigv_sym_comp	6
opgtr	real	la_lapack_eigv_sym_comp	6
opmtr	real	la_lapack_eigv_sym_comp	6
orm22	real	la_lapack_eigv_sym_comp	6
pbstf	real	la_lapack_eigv_sym_comp	6
sbgst	real	la_lapack_eigv_sym_comp	6
sbtrd	real	la_lapack_eigv_sym_comp	6
spgst	real	la_lapack_eigv_sym_comp	6
sptrd	real	la_lapack_eigv_sym_comp	6
sygs2	real	la_lapack_eigv_sym_comp	6
sygst	real	la_lapack_eigv_sym_comp	6
lar1v	complex	la_lapack_eigv_tridiag2	6
larrv	complex	la_lapack_eigv_tridiag2	6
laebz	real	la_lapack_eigv_tridiag2	6
laeda	real	la_lapack_eigv_tridiag2	6
lamrg	real	la_lapack_eigv_tridiag2	6
laneg	real	la_lapack_eigv_tridiag2	6
lar1v	real	la_lapack_eigv_tridiag2	6
larra	real	la_lapack_eigv_tridiag2	6
larrb	real	la_lapack_eigv_tridiag2	6
larrc	real	la_lapack_eigv_tridiag2	6
larrd	real	la_lapack_eigv_tridiag2	6
larre	real	la_lapack_eigv_tridiag2	6
larrf	real	la_lapack_eigv_tridiag2	6
larrj	real	la_lapack_eigv_tridiag2	6
larrk	real	la_lapack_eigv_tridiag2	6
larrr	real	la_lapack_eigv_tridiag2	6
larrv	real	la_lapack_eigv_tridiag2	6
cgesv	complex	la_lapack_solve_lu	6
gbsv	complex	la_lapack_solve_lu	6
gbsvx	complex	la_lapack_solve_lu	6
gesv	complex	la_lapack_solve_lu	6
gesvx	complex	la_lapack_solve_lu	6
gtsv	complex	la_lapack_solve_lu	6
gtsvx	complex	la_lapack_solve_lu	6
gbsv	real	la_lapack_solve_lu	6
gbsvx	real	la_lapack_solve_lu	6
gesv	real	la_lapack_solve_lu	6
gesvx	real	la_lapack_solve_lu	6
gtsv	real	la_lapack_solve_lu	6
gtsvx	real	la_lapack_solve_lu	6
sgesv	real	la_lapack_solve_lu	6
gbbrd	complex	la_lapack_svd_comp	6
gebd2	complex	la_lapack_svd_comp	6
gebrd	complex	la_lapack_svd_comp	6
gsvj0	complex	la_lapack_svd_comp	6
gsvj1	complex	la_lapack_svd_comp	6
tgsja	complex	la_lapack_svd_comp	6
ungbr	complex	la_lapack_svd_comp	6
unmbr	complex	la_lapack_svd_comp	6
gbbrd	real	la_lapack_svd_comp	6
gebd2	real	la_lapack_svd_comp	6
gebrd	real	la_lapack_svd_comp	6
gsvj0	real	la_lapack_svd_comp	6
gsvj1	real	la_lapack_svd_comp	6
orgbr	real	la_lapack_svd_comp	6
ormbr	real	la_lapack_svd_comp	6
tgsja	real	la_lapack_svd_comp	6
ggbak	complex	la_lapack_eigv_comp	7
ggbal	complex	la_lapack_eigv_comp	7
gghd3	complex	la_lapack_eigv_comp	7
gghrd	complex	la_lapack_eigv_comp	7
hgeqz	complex	la_lapack_eigv_comp	7
ggbak	real	la_lapack_eigv_comp	7
ggbal	real	la_lapack_eigv_comp	7
gghd3	real	la_lapack_eigv_comp	7
gghrd	real	la_lapack_eigv_comp	7
hgeqz	real	la_lapack_eigv_comp	7
tgevc	complex	la_lapack_eigv_comp2	7
tgex2	complex	la_lapack_eigv_comp2	7
tgexc	complex	la_lapack_eigv_comp2	7
tgsen	complex	la_lapack_eigv_comp2	7
tgsna	complex	la_lapack_eigv_comp2	7
tgsy2	complex	la_lapack_eigv_comp2	7
tgsyl	complex	la_lapack_eigv_comp2	7
lagv2	real	la_lapack_eigv_comp2	7
tgevc	real	la_lapack_eigv_comp2	7
tgex2	real	la_lapack_eigv_comp2	7
tgexc	real	la_lapack_eigv_comp2	7
tgsen	real	la_lapack_eigv_comp2	7
tgsna	real	la_lapack_eigv_comp2	7
tgsy2	real	la_lapack_eigv_comp2	7
tgsyl	real	la_lapack_eigv_comp2	7
gesvd	complex	la_lapack_eigv_svd_drivers	7
gesvdq	complex	la_lapack_eigv_svd_drivers	7
gesvd	real	la_lapack_eigv_svd_drivers	7
gesvdq	real	la_lapack_eigv_svd_drivers	7
laed0	complex	la_lapack_eigv_tridiag	7
laed7	complex	la_lapack_eigv_tridiag	7
laed8	complex	la_lapack_eigv_tridiag	7
steqr	complex	la_lapack_eigv_tridiag	7
laed0	real	la_lapack_eigv_tridiag	7
laed1	real	la_lapack_eigv_tridiag	7
laed2	real	la_lapack_eigv_tridiag	7
laed3	real	la_lapack_eigv_tridiag	7
laed4	real	la_lapack_eigv_tridiag	7
laed5	real	la_lapack_eigv_tridiag	7
laed6	real	la_lapack_eigv_tridiag	7
laed7	real	la_lapack_eigv_tridiag	7
laed8	real	la_lapack_eigv_tridiag	7
laed9	real	la_lapack_eigv_tridiag	7
steqr	real	la_lapack_eigv_tridiag	7
lasyf_aa	complex	la_lapack_solve_ldl_comp2	7
lasyf_rk	complex	la_lapack_solve_ldl_comp2	7
lasyf_rook	complex	la_lapack_solve_ldl_comp2	7
sprfs	complex	la_lapack_solve_ldl_comp2	7
sptri	complex	la_lapack_solve_ldl_comp2	7
sptrs	complex	la_lapack_solve_ldl_comp2	7
sycon_rook	complex	la_lapack_solve_ldl_comp2	7
syconvf	complex	la_lapack_solve_ldl_comp2	7
syconvf_rook	complex	la_lapack_solve_ldl_comp2	7
sytf2_rk	complex	la_lapack_solve_ldl_comp2	7
sytf2_rook	complex	la_lapack_solve_ldl_comp2	7
sytrf_aa	complex	la_lapack_solve_ldl_comp2	7
sytrf_rk	complex	la_lapack_solve_ldl_comp2	7
sytrf_rook	complex	la_lapack_solve_ldl_comp2	7
sytri_rook	complex	la_lapack_solve_ldl_comp2	7
sytrs_aa	complex	la_lapack_solve_ldl_comp2	7
sytrs_rook	complex	la_lapack_solve_ldl_comp2	7
lasyf_aa	real	la_lapack_solve_ldl_comp2	7
lasyf_rk	real	la_lapack_solve_ldl_comp2	7
lasyf_rook	real	la_lapack_solve_ldl_comp2	7
sprfs	real	la_lapack_solve_ldl_comp2	7
sptri	real	la_lapack_solve_ldl_comp2	7
sptrs	real	la_lapack_solve_ldl_comp2	7
sycon_rook	real	la_lapack_solve_ldl_comp2	7
syconvf	real	la_lapack_solve_ldl_comp2	7
syconvf_rook	real	la_lapack_solve_ldl_comp2	7
sytf2_rk	real	la_lapack_solve_ldl_comp2	7
sytf2_rook	real	la_lapack_solve_ldl_comp2	7
sytrf_aa	real	la_lapack_solve_ldl_comp2	7
sytrf_rk	real	la_lapack_solve_ldl_comp2	7
sytrf_rook	real	la_lapack_solve_ldl_comp2	7
sytri_rook	real	la_lapack_solve_ldl_comp2	7
sytrs_aa	real	la_lapack_solve_ldl_comp2	7
sytrs_rook	real	la_lapack_solve_ldl_comp2	7
lahqr	complex	la_lapack_eigv_gen3	8
laqr0	complex	la_lapack_eigv_gen3	8
laqr1	complex	la_lapack_eigv_gen3	8
laqr2	complex	la_lapack_eigv_gen3	8
laqr3	complex	la_lapack_eigv_gen3	8
laqr4	complex	la_lapack_eigv_gen3	8
laqr5	complex	la_lapack_eigv_gen3	8
laqz0	complex	la_lapack_eigv_gen3	8
laqz1	complex	la_lapack_eigv_gen3	8
laqz2	complex	la_lapack_eigv_gen3	8
laqz3	complex	la_lapack_eigv_gen3	8
lahqr	real	la_lapack_eigv_gen3	8
laqr0	real	la_lapack_eigv_gen3	8
laqr1	real	la_lapack_eigv_gen3	8
laqr2	real	la_lapack_eigv_gen3	8
laqr3	real	la_lapack_eigv_gen3	8
laqr4	real	la_lapack_eigv_gen3	8
laqr5	real	la_lapack_eigv_gen3	8
laqtr	real	la_lapack_eigv_gen3	8
laqz0	real	la_lapack_eigv_gen3	8
laqz1	real	la_lapack_eigv_gen3	8
laqz2	real	la_lapack_eigv_gen3	8
laqz3	real	la_lapack_eigv_gen3	8
laqz4	real	la_lapack_eigv_gen3	8
bdsdc	real	la_lapack_eigv_svd_bidiag_dc	8
lasd0	real	la_lapack_eigv_svd_bidiag_dc	8
lasd1	real	la_lapack_eigv_svd_bidiag_dc	8
lasd2	real	la_lapack_eigv_svd_bidiag_dc	8
lasd3	real	la_lapack_eigv_svd_bidiag_dc	8
lasd4	real	la_lapack_eigv_svd_bidiag_dc	8
lasd5	real	la_lapack_eigv_svd_bidiag_dc	8
lasd6	real	la_lapack_eigv_svd_bidiag_dc	8
lasd7	real	la_lapack_eigv_svd_bidiag_dc	8
lasd8	real	la_lapack_eigv_svd_bidiag_dc	8
lasda	real	la_lapack_eigv_svd_bidiag_dc	8
lasdq	real	la_lapack_eigv_svd_bidiag_dc	8
lasdt	real	la_lapack_eigv_svd_bidiag_dc	8
pteqr	complex	la_lapack_eigv_tridiag3	8
stedc	complex	la_lapack_eigv_tridiag3	8
stegr	complex	la_lapack_eigv_tridiag3	8
stein	complex	la_lapack_eigv_tridiag3	8
stemr	complex	la_lapack_eigv_tridiag3	8
pteqr	real	la_lapack_eigv_tridiag3	8
stebz	real	la_lapack_eigv_tridiag3	8
stedc	real	la_lapack_eigv_tridiag3	8
stegr	real	la_lapack_eigv_tridiag3	8
stein	real	la_lapack_eigv_tridiag3	8
stemr	real	la_lapack_eigv_tridiag3	8
sterf	real	la_lapack_eigv_tridiag3	8
stev	real	la_lapack_eigv_tridiag3	8
stevd	real	la_lapack_eigv_tridiag3	8
stevr	real	la_lapack_eigv_tridiag3	8
stevx	real	la_lapack_eigv_tridiag3	8
la_herpvgrw	complex	la_lapack_solve_ldl_comp	8
lasyf	complex	la_lapack_solve_ldl_comp	8
spcon	complex	la_lapack_solve_ldl_comp	8
sptrf	complex	la_lapack_solve_ldl_comp	8
sycon	complex	la_lapack_solve_ldl_comp	8
syconv	complex	la_lapack_solve_ldl_comp	8
syequb	complex	la_lapack_solve_ldl_comp	8
syrfs	complex	la_lapack_solve_ldl_comp	8
syswapr	complex	la_lapack_solve_ldl_comp	8
sytf2	complex	la_lapack_solve_ldl_comp	8
sytrf	complex	la_lapack_solve_ldl_comp	8
sytri	complex	la_lapack_solve_ldl_comp	8
sytrs	complex	la_lapack_solve_ldl_comp	8
sytrs2	complex	la_lapack_solve_ldl_comp	8
sytrs_3	complex	la_lapack_solve_ldl_comp	8
lasyf	real	la_lapack_solve_ldl_comp	8
spcon	real	la_lapack_solve_ldl_comp	8
sptrf	real	la_lapack_solve_ldl_comp	8
sycon	real	la_lapack_solve_ldl_comp	8
syconv	real	la_lapack_solve_ldl_comp	8
syequb	real	la_lapack_solve_ldl_comp	8
syrfs	real	la_lapack_solve_ldl_comp	8
syswapr	real	la_lapack_solve_ldl_comp	8
sytf2	real	la_lapack_solve_ldl_comp	8
sytrf	real	la_lapack_solve_ldl_comp	8
sytri	real	la_lapack_solve_ldl_comp	8
sytrs	real	la_lapack_solve_ldl_comp	8
sytrs2	real	la_lapack_solve_ldl_comp	8
sytrs_3	real	la_lapack_solve_ldl_comp	8
hsein	complex	la_lapack_eigv_gen2	9
hseqr	complex	la_lapack_eigv_gen2	9
laein	complex	la_lapack_eigv_gen2	9
trevc	complex	la_lapack_eigv_gen2	9
trevc3	complex	la_lapack_eigv_gen2	9
trsen	complex	la_lapack_eigv_gen2	9
trsna	complex	la_lapack_eigv_gen2	9
trsyl	complex	la_lapack_eigv_gen2	9
hsein	real	la_lapack_eigv_gen2	9
hseqr	real	la_lapack_eigv_gen2	9
laein	real	la_lapack_eigv_gen2	9
trevc	real	la_lapack_eigv_gen2	9
trevc3	real	la_lapack_eigv_gen2	9
trsen	real	la_lapack_eigv_gen2	9
trsna	real	la_lapack_eigv_gen2	9
trsyl	real	la_lapack_eigv_gen2	9
gejsv	complex	la_lapack_eigv_svd_drivers2	9
gesdd	complex	la_lapack_eigv_svd_drivers2	9
gesvj	complex	la_lapack_eigv_svd_drivers2	9
gejsv	real	la_lapack_eigv_svd_drivers2	9
gesdd	real	la_lapack_eigv_svd_drivers2	9
gesvj	real	la_lapack_eigv_svd_drivers2	9
hb2st_kernels	complex	la_lapack_eigv_sym	9
hbev	complex	la_lapack_eigv_sym	9
hbevd	complex	la_lapack_eigv_sym	9
hbevx	complex	la_lapack_eigv_sym	9
hbgv	complex	la_lapack_eigv_sym	9
hbgvd	complex	la_lapack_eigv_sym	9
hbgvx	complex	la_lapack_eigv_sym	9
heev	complex	la_lapack_eigv_sym	9
heevd	complex	la_lapack_eigv_sym	9
heevr	complex	la_lapack_eigv_sym	9
heevx	complex	la_lapack_eigv_sym	9
hegv	complex	la_lapack_eigv_sym	9
hegvd	complex	la_lapack_eigv_sym	9
hegvx	complex	la_lapack_eigv_sym	9
hetd2	complex	la_lapack_eigv_sym	9
hetrd	complex	la_lapack_eigv_sym	9
hetrd_hb2st	complex	la_lapack_eigv_sym	9
hetrd_he2hb	complex	la_lapack_eigv_sym	9
hpev	complex	la_lapack_eigv_sym	9
hpevd	complex	la_lapack_eigv_sym	9
hpevx	complex	la_lapack_eigv_sym	9
hpgv	complex	la_lapack_eigv_sym	9
hpgvd	complex	la_lapack_eigv_sym	9
hpgvx	complex	la_lapack_eigv_sym	9
ungtr	complex	la_lapack_eigv_sym	9
unmtr	complex	la_lapack_eigv_sym	9
orgtr	real	la_lapack_eigv_sym	9
ormtr	real	la_lapack_eigv_sym	9
sb2st_kernels	real	la_lapack_eigv_sym	9
sbev	real	la_lapack_eigv_sym	9
sbevd	real	la_lapack_eigv_sym	9
sbevx	real	la_lapack_eigv_sym	9
sbgv	real	la_lapack_eigv_sym	9
sbgvd	real	la_lapack_eigv_sym	9
sbgvx	real	la_lapack_eigv_sym	9
spev	real	la_lapack_eigv_sym	9
spevd	real	la_lapack_eigv_sym	9
spevx	real	la_lapack_eigv_sym	9
spgv	real	la_lapack_eigv_sym	9
spgvd	real	la_lapack_eigv_sym	9
spgvx	real	la_lapack_eigv_sym	9
syev	real	la_lapack_eigv_sym	9
syevd	real	la_lapack_eigv_sym	9
syevr	real	la_lapack_eigv_sym	9
syevx	real	la_lapack_eigv_sym	9
sygv	real	la_lapack_eigv_sym	9
sygvd	real	la_lapack_eigv_sym	9
sygvx	real	la_lapack_eigv_sym	9
sytd2	real	la_lapack_eigv_sym	9
sytrd	real	la_lapack_eigv_sym	9
sytrd_sb2st	real	la_lapack_eigv_sym	9
sytrd_sy2sb	real	la_lapack_eigv_sym	9
laic1	complex	la_lapack_lsq_aux	9
lals0	complex	la_lapack_lsq_aux	9
lalsa	complex	la_lapack_lsq_aux	9
lalsd	complex	la_lapack_lsq_aux	9
laic1	real	la_lapack_lsq_aux	9
lals0	real	la_lapack_lsq_aux	9
lalsa	real	la_lapack_lsq_aux	9
lalsd	real	la_lapack_lsq_aux	9
hecon	complex	la_lapack_solve_ldl_comp3	9
heequb	complex	la_lapack_solve_ldl_comp3	9
herfs	complex	la_lapack_solve_ldl_comp3	9
heswapr	complex	la_lapack_solve_ldl_comp3	9
hetf2	complex	la_lapack_solve_ldl_comp3	9
hetrf	complex	la_lapack_solve_ldl_comp3	9
hetri	complex	la_lapack_solve_ldl_comp3	9
hetrs	complex	la_lapack_solve_ldl_comp3	9
hetrs2	complex	la_lapack_solve_ldl_comp3	9
hetrs_3	complex	la_lapack_solve_ldl_comp3	9
hpcon	complex	la_lapack_solve_ldl_comp3	9
hptrf	complex	la_lapack_solve_ldl_comp3	9
hptri	complex	la_lapack_solve_ldl_comp3	9
hptrs	complex	la_lapack_solve_ldl_comp3	9
lahef	complex	la_lapack_solve_ldl_comp3	9
gees	complex	la_lapack_eigv_gen	10
geesx	complex	la_lapack_eigv_gen	10
geev	complex	la_lapack_eigv_gen	10
geevx	complex	la_lapack_eigv_gen	10
gges	complex	la_lapack_eigv_gen	10
gges3	complex	la_lapack_eigv_gen	10
ggesx	complex	la_lapack_eigv_gen	10
ggev	complex	la_lapack_eigv_gen	10
ggev3	complex	la_lapack_eigv_gen	10
ggevx	complex	la_lapack_eigv_gen	10
gees	real	la_lapack_eigv_gen	10
geesx	real	la_lapack_eigv_gen	10
geev	real	la_lapack_eigv_gen	10
geevx	real	la_lapack_eigv_gen	10
gges	real	la_lapack_eigv_gen	10
gges3	real	la_lapack_eigv_gen	10
ggesx	real	la_lapack_eigv_gen	10
ggev	real	la_lapack_eigv_gen	10
ggev3	real	la_lapack_eigv_gen	10
ggevx	real	la_lapack_eigv_gen	10
gels	complex	la_lapack_lsq	10
gelsd	complex	la_lapack_lsq	10
gelss	complex	la_lapack_lsq	10
gelsy	complex	la_lapack_lsq	10
getsls	complex	la_lapack_lsq	10
gels	real	la_lapack_lsq	10
gelsd	real	la_lapack_lsq	10
gelss	real	la_lapack_lsq	10
gelsy	real	la_lapack_lsq	10
getsls	real	la_lapack_lsq	10
la_gbrcond_c	complex	la_lapack_others_sm	10
la_gercond_c	complex	la_lapack_others_sm	10
la_gerpvgrw	complex	la_lapack_others_sm	10
la_hercond_c	complex	la_lapack_others_sm	10
la_porcond_c	complex	la_lapack_others_sm	10
la_syamv	complex	la_lapack_others_sm	10
la_syrcond_c	complex	la_lapack_others_sm	10
la_syrpvgrw	complex	la_lapack_others_sm	10
la_gerpvgrw	real	la_lapack_others_sm	10
la_syamv	real	la_lapack_others_sm	10
la_syrcond	real	la_lapack_others_sm	10
la_syrpvgrw	real	la_lapack_others_sm	10
hecon_rook	complex	la_lapack_solve_ldl_comp4	10
hetf2_rk	complex	la_lapack_solve_ldl_comp4	10
hetf2_rook	complex	la_lapack_solve_ldl_comp4	10
hetrf_aa	complex	la_lapack_solve_ldl_comp4	10
hetrf_rk	complex	la_lapack_solve_ldl_comp4	10
hetrf_rook	complex	la_lapack_solve_ldl_comp4	10
hetri_rook	complex	la_lapack_solve_ldl_comp4	10
hetrs_aa	complex	la_lapack_solve_ldl_comp4	10
hetrs_rook	complex	la_lapack_solve_ldl_comp4	10
hprfs	complex	la_lapack_solve_ldl_comp4	10
lahef_aa	complex	la_lapack_solve_ldl_comp4	10
lahef_rk	complex	la_lapack_solve_ldl_comp4	10
lahef_rook	complex	la_lapack_solve_ldl_comp4	10
laqsy	complex	la_lapack_solve_ldl_comp4	10
laqsy	real	la_lapack_solve_ldl_comp4	10
cposv	complex	la_lapack_solve_chol	11
pbsv	complex	la_lapack_solve_chol	11
pbsvx	complex	la_lapack_solve_chol	11
posv	complex	la_lapack_solve_chol	11
posvx	complex	la_lapack_solve_chol	11
ppsv	complex	la_lapack_solve_chol	11
ppsvx	complex	la_lapack_solve_chol	11
ptsv	complex	la_lapack_solve_chol	11
ptsvx	complex	la_lapack_solve_chol	11
pbsv	real	la_lapack_solve_chol	11
pbsvx	real	la_lapack_solve_chol	11
posv	real	la_lapack_solve_chol	11
posvx	real	la_lapack_solve_chol	11
ppsv	real	la_lapack_solve_chol	11
ppsvx	real	la_lapack_solve_chol	11
ptsv	real	la_lapack_solve_chol	11
ptsvx	real	la_lapack_solve_chol	11
sposv	real	la_lapack_solve_chol	11
hesv	complex	la_lapack_solve_ldl	11
hesv_aa	complex	la_lapack_solve_ldl	11
hesv_rk	complex	la_lapack_solve_ldl	11
hesv_rook	complex	la_lapack_solve_ldl	11
hesvx	complex	la_lapack_solve_ldl	11
hpsv	complex	la_lapack_solve_ldl	11
hpsvx	complex	la_lapack_solve_ldl	11
spsv	complex	la_lapack_solve_ldl	11
spsvx	complex	la_lapack_solve_ldl	11
sysv	complex	la_lapack_solve_ldl	11
sysv_aa	complex	la_lapack_solve_ldl	11
sysv_rk	complex	la_lapack_solve_ldl	11
sysv_rook	complex	la_lapack_solve_ldl	11
sysvx	complex	la_lapack_solve_ldl	11
spsv	real	la_lapack_solve_ldl	11
spsvx	real	la_lapack_solve_ldl	11
sysv	real	la_lapack_solve_ldl	11
sysv_aa	real	la_lapack_solve_ldl	11
sysv_rk	real	la_lapack_solve_ldl	11
sysv_rook	real	la_lapack_solve_ldl	11
sysvx	real	la_lapack_solve_ldl	11
